MAG	pnag_ica
Aved_18-Q3-R54-62_BAT3C.16_uni	0
Aved_18-Q3-R54-62_BAT3C.210	0
Aved_18-Q3-R54-62_BAT3C.258_sub	0
Aved_18-Q3-R54-62_BAT3C.302	0
Aved_18-Q3-R54-62_BAT3C.309	0
Aved_18-Q3-R54-62_BAT3C.344	0
Aved_18-Q3-R54-62_BAT3C.394	0
Aved_18-Q3-R54-62_BAT3C.448	0
Aved_18-Q3-R54-62_BAT3C.518	0
Aved_18-Q3-R54-62_BAT3C.540	0
Aved_18-Q3-R54-62_BAT3C.633	0
Aved_18-Q3-R54-62_BAT3C.689	0
Aved_18-Q3-R54-62_BAT3C.695	0
Aved_18-Q3-R54-62_BAT3C.95	0
Aved_18-Q3-R54-62_BATAC.150	0
Aved_18-Q3-R54-62_BATAC.192	0
Aved_18-Q3-R54-62_BATAC.241	0
Aved_18-Q3-R54-62_BATAC.249	0
Aved_18-Q3-R54-62_BATAC.253	0
Aved_18-Q3-R54-62_BATAC.266	0
Aved_18-Q3-R54-62_BATAC.292	0
Aved_18-Q3-R54-62_BATAC.321_sub	0
Aved_18-Q3-R54-62_BATAC.345	0
Aved_18-Q3-R54-62_BATAC.358_cln	0
Aved_18-Q3-R54-62_BATAC.362	0
Aved_18-Q3-R54-62_BATAC.392	0
Aved_18-Q3-R54-62_BATAC.490	0
Aved_18-Q3-R54-62_BATAC.500	0
Aved_18-Q3-R54-62_BATAC.558	0
Aved_18-Q3-R54-62_BATAC.560	0
Aved_18-Q3-R54-62_BATAC.570	0
Aved_18-Q3-R54-62_BATAC.601	0
Aved_18-Q3-R54-62_BATAC.616	0
Aved_18-Q3-R54-62_BATAC.626	0
Aved_18-Q3-R54-62_BATAC.645_sub	0
Aved_18-Q3-R54-62_BATAC.765	0
Aved_18-Q3-R54-62_BATAC.767	0
Aved_18-Q3-R54-62_BATAC.785	0
Aved_18-Q3-R54-62_BATAC.823_sub	0
Aved_18-Q3-R54-62_BATAC.843	0
Aved_18-Q3-R54-62_BATAC.851	0
Aved_18-Q3-R54-62_MAXAC.010	0
Aved_18-Q3-R54-62_MAXAC.030	0
Aved_18-Q3-R54-62_MAXAC.055	0
Aved_18-Q3-R54-62_MAXAC.057_sub	0
Aved_18-Q3-R54-62_MAXAC.060	0
Aved_18-Q3-R54-62_MAXAC.067	0
Aved_18-Q3-R54-62_MAXAC.082_sub	0
Aved_18-Q3-R54-62_MAXAC.086	0
Aved_18-Q3-R54-62_MAXAC.090	0
Aved_18-Q3-R54-62_MAXAC.105	0
Aved_18-Q3-R54-62_MAXAC.112	0
Aved_18-Q3-R54-62_MAXAC.126	50
Aved_18-Q3-R54-62_MAXAC.142	0
Aved_18-Q3-R54-62_MAXAC.153	0
Aved_18-Q3-R54-62_MAXAC.186	0
Aved_18-Q3-R54-62_MAXAC.228_sub	0
Aved_18-Q3-R54-62_MAXAC.235	0
Aved_18-Q3-R54-62_MAXAC.248_sub	50
Aved_18-Q3-R54-62_MAXAC.265	0
Aved_18-Q3-R54-62_MAXAC.289	0
Aved_18-Q3-R54-62_MAXAC.290	0
Aved_18-Q3-R54-62_MAXAC.293	0
Aved_18-Q3-R54-62_MAXAC.297	50
Aved_18-Q3-R54-62_MAXAC.302	0
Aved_18-Q3-R54-62_MAXAC.321	0
Aved_18-Q3-R54-62_MAXAC.344	0
Aved_18-Q3-R54-62_MAXAC.378	0
Aved_18-Q3-R54-62_MAXAC.386	0
Aved_18-Q3-R54-62_MAXAC.390	0
Aved_18-Q3-R54-62_MAXAC.392	0
Aved_18-Q3-R54-62_MAXAC.397_sub	0
Aved_18-Q3-R54-62_MAXAC.403	0
Aved_18-Q3-R54-62_MAXAC.406	0
Aved_18-Q3-R54-62_MAXAC.418	0
Aved_18-Q3-R54-62_MAXAC.426	0
Aved_18-Q3-R54-62_MAXAC.439	0
Aved_18-Q3-R54-62_MAXAC.457	0
Bjer_18-Q3-R1-45_BAT3C.1	0
Bjer_18-Q3-R1-45_BAT3C.132	0
Bjer_18-Q3-R1-45_BAT3C.170	0
Bjer_18-Q3-R1-45_BAT3C.178	0
Bjer_18-Q3-R1-45_BAT3C.2	0
Bjer_18-Q3-R1-45_BAT3C.201_fly	0
Bjer_18-Q3-R1-45_BAT3C.220	0
Bjer_18-Q3-R1-45_BAT3C.224	0
Bjer_18-Q3-R1-45_BAT3C.235	0
Bjer_18-Q3-R1-45_BAT3C.258	0
Bjer_18-Q3-R1-45_BAT3C.293	0
Bjer_18-Q3-R1-45_BAT3C.298	0
Bjer_18-Q3-R1-45_BAT3C.347	0
Bjer_18-Q3-R1-45_BAT3C.93	0
Bjer_18-Q3-R1-45_BATAC.113	0
Bjer_18-Q3-R1-45_BATAC.226	0
Bjer_18-Q3-R1-45_BATAC.230	0
Bjer_18-Q3-R1-45_BATAC.327	0
Bjer_18-Q3-R1-45_BATAC.331	0
Bjer_18-Q3-R1-45_BATAC.43	50
Bjer_18-Q3-R1-45_BATAC.444	0
Bjer_18-Q3-R1-45_BATAC.458	0
Bjer_18-Q3-R1-45_BATAC.496	0
Bjer_18-Q3-R1-45_BATAC.569	0
Bjer_18-Q3-R1-45_MAXAC.004	0
Bjer_18-Q3-R1-45_MAXAC.011	50
Bjer_18-Q3-R1-45_MAXAC.012	0
Bjer_18-Q3-R1-45_MAXAC.014	50
Bjer_18-Q3-R1-45_MAXAC.024	0
Bjer_18-Q3-R1-45_MAXAC.033	0
Bjer_18-Q3-R1-45_MAXAC.048	0
Bjer_18-Q3-R1-45_MAXAC.058_sub	0
Bjer_18-Q3-R1-45_MAXAC.065	0
Bjer_18-Q3-R1-45_MAXAC.089	0
Bjer_18-Q3-R1-45_MAXAC.090	50
Bjer_18-Q3-R1-45_MAXAC.094	0
Bjer_18-Q3-R1-45_MAXAC.099	0
Bjer_18-Q3-R1-45_MAXAC.113	0
Bjer_18-Q3-R1-45_MAXAC.114	0
Bjer_18-Q3-R1-45_MAXAC.115	0
Bjer_18-Q3-R1-45_MAXAC.141	0
Bjer_18-Q3-R1-45_MAXAC.193	0
Bjer_18-Q3-R1-45_MAXAC.202	0
Bjer_18-Q3-R1-45_MAXAC.214	0
Bjer_18-Q3-R1-45_MAXAC.222	0
Bjer_18-Q3-R1-45_MAXAC.225	0
Bjer_18-Q3-R1-45_MAXAC.229	0
Bjer_18-Q3-R1-45_MAXAC.232	0
Bjer_18-Q3-R1-45_MAXAC.250	0
Damh_18-Q3-R51-60_BAT3C.248	0
Damh_18-Q3-R51-60_BAT3C.25	0
Damh_18-Q3-R51-60_BAT3C.259	0
Damh_18-Q3-R51-60_BAT3C.266	0
Damh_18-Q3-R51-60_BAT3C.350	0
Damh_18-Q3-R51-60_BAT3C.395	0
Damh_18-Q3-R51-60_BAT3C.434	0
Damh_18-Q3-R51-60_BAT3C.63_uni	0
Damh_18-Q3-R51-60_BAT3C.98	0
Damh_18-Q3-R51-60_BATAC.231	0
Damh_18-Q3-R51-60_BATAC.247	0
Damh_18-Q3-R51-60_BATAC.249	0
Damh_18-Q3-R51-60_BATAC.282	0
Damh_18-Q3-R51-60_BATAC.285	0
Damh_18-Q3-R51-60_BATAC.300	0
Damh_18-Q3-R51-60_BATAC.307	0
Damh_18-Q3-R51-60_BATAC.316	0
Damh_18-Q3-R51-60_BATAC.454	0
Damh_18-Q3-R51-60_MAXAC.005	0
Damh_18-Q3-R51-60_MAXAC.008	0
Damh_18-Q3-R51-60_MAXAC.071	0
Damh_18-Q3-R51-60_MAXAC.084	0
Damh_18-Q3-R51-60_MAXAC.102	0
Damh_18-Q3-R51-60_MAXAC.104	0
Damh_18-Q3-R51-60_MAXAC.106	0
Damh_18-Q3-R51-60_MAXAC.107	0
Damh_18-Q3-R51-60_MAXAC.126_sub	0
Damh_18-Q3-R51-60_MAXAC.170	0
Damh_18-Q3-R51-60_MAXAC.210	0
Damh_18-Q3-R51-60_MAXAC.235_fly	0
Damh_18-Q3-R51-60_MAXAC.246	0
Ega_18-Q3-R5-49_BAT3C.104	0
Ega_18-Q3-R5-49_BAT3C.159	0
Ega_18-Q3-R5-49_BAT3C.165_sub	0
Ega_18-Q3-R5-49_BAT3C.193	0
Ega_18-Q3-R5-49_BAT3C.215	0
Ega_18-Q3-R5-49_BAT3C.216	0
Ega_18-Q3-R5-49_BAT3C.230	0
Ega_18-Q3-R5-49_BATAC.118	0
Ega_18-Q3-R5-49_BATAC.204	0
Ega_18-Q3-R5-49_BATAC.212	0
Ega_18-Q3-R5-49_BATAC.213	0
Ega_18-Q3-R5-49_BATAC.220	0
Ega_18-Q3-R5-49_BATAC.239	50
Ega_18-Q3-R5-49_BATAC.280	0
Ega_18-Q3-R5-49_BATAC.305	0
Ega_18-Q3-R5-49_BATAC.333	0
Ega_18-Q3-R5-49_BATAC.486	0
Ega_18-Q3-R5-49_BATAC.545	0
Ega_18-Q3-R5-49_BATAC.76	0
Ega_18-Q3-R5-49_MAXAC.001	0
Ega_18-Q3-R5-49_MAXAC.013	0
Ega_18-Q3-R5-49_MAXAC.016	0
Ega_18-Q3-R5-49_MAXAC.022	0
Ega_18-Q3-R5-49_MAXAC.038	0
Ega_18-Q3-R5-49_MAXAC.048	0
Ega_18-Q3-R5-49_MAXAC.056	0
Ega_18-Q3-R5-49_MAXAC.062	0
Ega_18-Q3-R5-49_MAXAC.071	0
Ega_18-Q3-R5-49_MAXAC.074	0
Ega_18-Q3-R5-49_MAXAC.075	0
Ega_18-Q3-R5-49_MAXAC.109	0
Ega_18-Q3-R5-49_MAXAC.112v2	0
Ega_18-Q3-R5-49_MAXAC.199	0
Ega_18-Q3-R5-49_MAXAC.200	0
Ega_18-Q3-R5-49_MAXAC.254	0
Ejby_18-Q3-R6-50_BAT3C.119	0
Ejby_18-Q3-R6-50_BAT3C.142_sub	0
Ejby_18-Q3-R6-50_BAT3C.200	0
Ejby_18-Q3-R6-50_BAT3C.203	50
Ejby_18-Q3-R6-50_BAT3C.216	0
Ejby_18-Q3-R6-50_BAT3C.246	0
Ejby_18-Q3-R6-50_BAT3C.362	0
Ejby_18-Q3-R6-50_BAT3C.370	0
Ejby_18-Q3-R6-50_BAT3C.384	0
Ejby_18-Q3-R6-50_BAT3C.80	0
Ejby_18-Q3-R6-50_BATAC.123	0
Ejby_18-Q3-R6-50_BATAC.207	0
Ejby_18-Q3-R6-50_BATAC.215_sub	0
Ejby_18-Q3-R6-50_BATAC.240	0
Ejby_18-Q3-R6-50_BATAC.260	0
Ejby_18-Q3-R6-50_BATAC.262	0
Ejby_18-Q3-R6-50_BATAC.272	0
Ejby_18-Q3-R6-50_BATAC.314	0
Ejby_18-Q3-R6-50_BATAC.337	0
Ejby_18-Q3-R6-50_BATAC.338	50
Ejby_18-Q3-R6-50_BATAC.353	0
Ejby_18-Q3-R6-50_BATAC.463	0
Ejby_18-Q3-R6-50_MAXAC.009	0
Ejby_18-Q3-R6-50_MAXAC.023	0
Ejby_18-Q3-R6-50_MAXAC.047	0
Ejby_18-Q3-R6-50_MAXAC.157	0
Ejby_18-Q3-R6-50_MAXAC.161	0
Ejby_18-Q3-R6-50_MAXAC.192	0
Ejby_18-Q3-R6-50_MAXAC.193	0
Ejby_18-Q3-R6-50_MAXAC.200_cln	0
Ejby_18-Q3-R6-50_MAXAC.201	0
Ejby_18-Q3-R6-50_MAXAC.240	0
EsbE_18-Q3-R3-47_BAT3C.110	50
EsbE_18-Q3-R3-47_BAT3C.118	0
EsbE_18-Q3-R3-47_BAT3C.140	0
EsbE_18-Q3-R3-47_BAT3C.144	0
EsbE_18-Q3-R3-47_BAT3C.161	0
EsbE_18-Q3-R3-47_BAT3C.162	0
EsbE_18-Q3-R3-47_BAT3C.181	0
EsbE_18-Q3-R3-47_BAT3C.200	0
EsbE_18-Q3-R3-47_BAT3C.210	0
EsbE_18-Q3-R3-47_BAT3C.226	0
EsbE_18-Q3-R3-47_BAT3C.270	0
EsbE_18-Q3-R3-47_BAT3C.309	0
EsbE_18-Q3-R3-47_BATAC.167	0
EsbE_18-Q3-R3-47_BATAC.189	0
EsbE_18-Q3-R3-47_BATAC.204	0
EsbE_18-Q3-R3-47_BATAC.228	0
EsbE_18-Q3-R3-47_BATAC.232	0
EsbE_18-Q3-R3-47_BATAC.289	0
EsbE_18-Q3-R3-47_BATAC.309	0
EsbE_18-Q3-R3-47_BATAC.414	0
EsbE_18-Q3-R3-47_BATAC.451	0
EsbE_18-Q3-R3-47_BATAC.457_sub	0
EsbE_18-Q3-R3-47_BATAC.463	0
EsbE_18-Q3-R3-47_MAXAC.007	0
EsbE_18-Q3-R3-47_MAXAC.015	0
EsbE_18-Q3-R3-47_MAXAC.031_sub	0
EsbE_18-Q3-R3-47_MAXAC.052	0
EsbE_18-Q3-R3-47_MAXAC.055	0
EsbE_18-Q3-R3-47_MAXAC.059	0
EsbE_18-Q3-R3-47_MAXAC.073	0
EsbE_18-Q3-R3-47_MAXAC.074	50
EsbE_18-Q3-R3-47_MAXAC.085	50
EsbE_18-Q3-R3-47_MAXAC.117_sub	0
EsbE_18-Q3-R3-47_MAXAC.131	0
EsbE_18-Q3-R3-47_MAXAC.140	0
EsbE_18-Q3-R3-47_MAXAC.154	0
EsbE_18-Q3-R3-47_MAXAC.155	0
EsbE_18-Q3-R3-47_MAXAC.166	0
EsbE_18-Q3-R3-47_MAXAC.169	0
EsbE_18-Q3-R3-47_MAXAC.180	0
EsbE_18-Q3-R3-47_MAXAC.188	0
EsbE_18-Q3-R3-47_MAXAC.191	0
EsbE_18-Q3-R3-47_MAXAC.197	0
EsbW_18-Q3-R4-48_BAT3C.113	0
EsbW_18-Q3-R4-48_BAT3C.13	0
EsbW_18-Q3-R4-48_BAT3C.148	0
EsbW_18-Q3-R4-48_BAT3C.194	50
EsbW_18-Q3-R4-48_BAT3C.207	0
EsbW_18-Q3-R4-48_BAT3C.222	0
EsbW_18-Q3-R4-48_BAT3C.247	0
EsbW_18-Q3-R4-48_BAT3C.251	0
EsbW_18-Q3-R4-48_BAT3C.275	0
EsbW_18-Q3-R4-48_BAT3C.281	0
EsbW_18-Q3-R4-48_BAT3C.288	50
EsbW_18-Q3-R4-48_BAT3C.295	0
EsbW_18-Q3-R4-48_BAT3C.307	0
EsbW_18-Q3-R4-48_BAT3C.4_cln	0
EsbW_18-Q3-R4-48_BAT3C.485	0
EsbW_18-Q3-R4-48_BAT3C.505	0
EsbW_18-Q3-R4-48_BAT3C.7	0
EsbW_18-Q3-R4-48_BAT3C.93	0
EsbW_18-Q3-R4-48_BATAC.159	0
EsbW_18-Q3-R4-48_BATAC.168	50
EsbW_18-Q3-R4-48_BATAC.211	0
EsbW_18-Q3-R4-48_BATAC.233	0
EsbW_18-Q3-R4-48_BATAC.26	0
EsbW_18-Q3-R4-48_BATAC.285	0
EsbW_18-Q3-R4-48_BATAC.303	0
EsbW_18-Q3-R4-48_BATAC.313	0
EsbW_18-Q3-R4-48_BATAC.318	0
EsbW_18-Q3-R4-48_BATAC.355	0
EsbW_18-Q3-R4-48_BATAC.389	0
EsbW_18-Q3-R4-48_BATAC.420	0
EsbW_18-Q3-R4-48_BATAC.438	0
EsbW_18-Q3-R4-48_BATAC.445	0
EsbW_18-Q3-R4-48_BATAC.453	0
EsbW_18-Q3-R4-48_BATAC.459	0
EsbW_18-Q3-R4-48_BATAC.463	0
EsbW_18-Q3-R4-48_BATAC.476_sub	0
EsbW_18-Q3-R4-48_BATAC.523	0
EsbW_18-Q3-R4-48_BATAC.72	0
EsbW_18-Q3-R4-48_MAXAC.006_sub	0
EsbW_18-Q3-R4-48_MAXAC.007	0
EsbW_18-Q3-R4-48_MAXAC.012	0
EsbW_18-Q3-R4-48_MAXAC.017	0
EsbW_18-Q3-R4-48_MAXAC.021	0
EsbW_18-Q3-R4-48_MAXAC.032	0
EsbW_18-Q3-R4-48_MAXAC.044	0
EsbW_18-Q3-R4-48_MAXAC.047	50
EsbW_18-Q3-R4-48_MAXAC.050	0
EsbW_18-Q3-R4-48_MAXAC.058_sub	0
EsbW_18-Q3-R4-48_MAXAC.070	0
EsbW_18-Q3-R4-48_MAXAC.074	0
EsbW_18-Q3-R4-48_MAXAC.076	0
EsbW_18-Q3-R4-48_MAXAC.080	0
EsbW_18-Q3-R4-48_MAXAC.084	0
EsbW_18-Q3-R4-48_MAXAC.089	50
EsbW_18-Q3-R4-48_MAXAC.090	0
EsbW_18-Q3-R4-48_MAXAC.145	0
EsbW_18-Q3-R4-48_MAXAC.154	0
EsbW_18-Q3-R4-48_MAXAC.167_sub	0
EsbW_18-Q3-R4-48_MAXAC.185_sub	0
EsbW_18-Q3-R4-48_MAXAC.200_cln	0
EsbW_18-Q3-R4-48_MAXAC.238	0
EsbW_18-Q3-R4-48_MAXAC.252	0
EsbW_18-Q3-R4-48_MAXAC.253	0
EsbW_18-Q3-R4-48_MAXAC.267_cln	0
EsbW_18-Q3-R4-48_MAXAC.278_cln	0
EsbW_18-Q3-R4-48_MAXAC.279_cln	0
EsbW_18-Q3-R4-48_MAXAC.283_fly_man	0
EsbW_18-Q3-R4-48_MAXAC.295	0
Fred_18-Q3-R57-64_BAT3C.1_cln	0
Fred_18-Q3-R57-64_BAT3C.162	0
Fred_18-Q3-R57-64_BAT3C.164	0
Fred_18-Q3-R57-64_BAT3C.169	0
Fred_18-Q3-R57-64_BAT3C.208	0
Fred_18-Q3-R57-64_BAT3C.229	0
Fred_18-Q3-R57-64_BAT3C.243	0
Fred_18-Q3-R57-64_BAT3C.256	0
Fred_18-Q3-R57-64_BAT3C.3	0
Fred_18-Q3-R57-64_BAT3C.305	0
Fred_18-Q3-R57-64_BAT3C.308	0
Fred_18-Q3-R57-64_BAT3C.331	0
Fred_18-Q3-R57-64_BAT3C.339	0
Fred_18-Q3-R57-64_BAT3C.352	0
Fred_18-Q3-R57-64_BAT3C.394	0
Fred_18-Q3-R57-64_BAT3C.401	0
Fred_18-Q3-R57-64_BAT3C.417	0
Fred_18-Q3-R57-64_BAT3C.431	0
Fred_18-Q3-R57-64_BAT3C.445	0
Fred_18-Q3-R57-64_BAT3C.481	0
Fred_18-Q3-R57-64_BAT3C.485	0
Fred_18-Q3-R57-64_BAT3C.517	0
Fred_18-Q3-R57-64_BAT3C.529_sub	0
Fred_18-Q3-R57-64_BAT3C.6	50
Fred_18-Q3-R57-64_BAT3C.606	0
Fred_18-Q3-R57-64_BAT3C.617	0
Fred_18-Q3-R57-64_BAT3C.662	0
Fred_18-Q3-R57-64_BAT3C.675	0
Fred_18-Q3-R57-64_BAT3C.701	0
Fred_18-Q3-R57-64_BAT3C.705	0
Fred_18-Q3-R57-64_BAT3C.720	0
Fred_18-Q3-R57-64_BATAC.17	0
Fred_18-Q3-R57-64_BATAC.187	0
Fred_18-Q3-R57-64_BATAC.223	0
Fred_18-Q3-R57-64_BATAC.232	0
Fred_18-Q3-R57-64_BATAC.269	0
Fred_18-Q3-R57-64_BATAC.274	0
Fred_18-Q3-R57-64_BATAC.284	0
Fred_18-Q3-R57-64_BATAC.296	0
Fred_18-Q3-R57-64_BATAC.298	0
Fred_18-Q3-R57-64_BATAC.299	50
Fred_18-Q3-R57-64_BATAC.308	0
Fred_18-Q3-R57-64_BATAC.318	0
Fred_18-Q3-R57-64_BATAC.349	0
Fred_18-Q3-R57-64_BATAC.359	0
Fred_18-Q3-R57-64_BATAC.369	0
Fred_18-Q3-R57-64_BATAC.414	0
Fred_18-Q3-R57-64_BATAC.421	0
Fred_18-Q3-R57-64_BATAC.422	0
Fred_18-Q3-R57-64_BATAC.439	0
Fred_18-Q3-R57-64_BATAC.459	0
Fred_18-Q3-R57-64_BATAC.466	0
Fred_18-Q3-R57-64_BATAC.480	0
Fred_18-Q3-R57-64_BATAC.512	0
Fred_18-Q3-R57-64_BATAC.530	0
Fred_18-Q3-R57-64_BATAC.568	0
Fred_18-Q3-R57-64_BATAC.601	0
Fred_18-Q3-R57-64_BATAC.609	0
Fred_18-Q3-R57-64_BATAC.644	50
Fred_18-Q3-R57-64_BATAC.715	0
Fred_18-Q3-R57-64_BATAC.716	0
Fred_18-Q3-R57-64_BATAC.76	0
Fred_18-Q3-R57-64_BATAC.8	0
Fred_18-Q3-R57-64_BATAC.80	0
Fred_18-Q3-R57-64_BATAC.85v2	0
Fred_18-Q3-R57-64_BATAC.880	0
Fred_18-Q3-R57-64_MAXAC.004	0
Fred_18-Q3-R57-64_MAXAC.027	0
Fred_18-Q3-R57-64_MAXAC.070	0
Fred_18-Q3-R57-64_MAXAC.073	0
Fred_18-Q3-R57-64_MAXAC.109_cln	0
Fred_18-Q3-R57-64_MAXAC.112	0
Fred_18-Q3-R57-64_MAXAC.148	0
Fred_18-Q3-R57-64_MAXAC.209	0
Fred_18-Q3-R57-64_MAXAC.220	0
Fred_18-Q3-R57-64_MAXAC.222	0
Fred_18-Q3-R57-64_MAXAC.248	0
Fred_18-Q3-R57-64_MAXAC.250	0
Fred_18-Q3-R57-64_MAXAC.274	0
Fred_18-Q3-R57-64_MAXAC.276	0
Fred_18-Q3-R57-64_MAXAC.280	0
Fred_18-Q3-R57-64_MAXAC.283_sub	0
Fred_18-Q3-R57-64_MAXAC.287	0
Fred_18-Q3-R57-64_MAXAC.288	0
Fred_18-Q3-R57-64_MAXAC.292	50
Fred_18-Q3-R57-64_MAXAC.307	0
Fred_18-Q3-R57-64_MAXAC.309	0
Fred_18-Q3-R57-64_MAXAC.324	0
Fred_18-Q3-R57-64_MAXAC.330_cln	0
Fred_18-Q3-R57-64_MAXAC.344	50
Fred_18-Q3-R57-64_MAXAC.347	0
Fred_18-Q3-R57-64_MAXAC.354	0
Fred_18-Q3-R57-64_MAXAC.356	0
Fred_18-Q3-R57-64_MAXAC.359	0
Fred_18-Q3-R57-64_MAXAC.362	0
Fred_18-Q3-R57-64_MAXAC.370	50
Fred_18-Q3-R57-64_MAXAC.373	0
Fred_18-Q3-R57-64_MAXAC.378	0
Fred_18-Q3-R57-64_MAXAC.379	0
Fred_18-Q3-R57-64_MAXAC.384	0
Fred_18-Q3-R57-64_MAXAC.396_cln	0
Fred_18-Q3-R57-64_MAXAC.407	0
Fred_18-Q3-R57-64_MAXAC.418	0
Fred_18-Q3-R57-64_MAXAC.421_sub_cln	0
Fred_18-Q3-R57-64_MAXAC.423	0
Fred_18-Q3-R57-64_MAXAC.425_cln	0
Fred_18-Q3-R57-64_MAXAC.456	0
Hade_18-Q3-R52-61_BAT3C.141	0
Hade_18-Q3-R52-61_BAT3C.208	0
Hade_18-Q3-R52-61_BAT3C.212	0
Hade_18-Q3-R52-61_BAT3C.248	0
Hade_18-Q3-R52-61_BAT3C.250	0
Hade_18-Q3-R52-61_BAT3C.352	0
Hade_18-Q3-R52-61_BAT3C.470	0
Hade_18-Q3-R52-61_BATAC.14	50
Hade_18-Q3-R52-61_BATAC.180	0
Hade_18-Q3-R52-61_BATAC.200	0
Hade_18-Q3-R52-61_BATAC.229	0
Hade_18-Q3-R52-61_BATAC.255	0
Hade_18-Q3-R52-61_BATAC.282	0
Hade_18-Q3-R52-61_BATAC.287	50
Hade_18-Q3-R52-61_BATAC.311	50
Hade_18-Q3-R52-61_BATAC.316	0
Hade_18-Q3-R52-61_BATAC.34	0
Hade_18-Q3-R52-61_BATAC.364	0
Hade_18-Q3-R52-61_BATAC.452	50
Hade_18-Q3-R52-61_BATAC.47	0
Hade_18-Q3-R52-61_BATAC.500	0
Hade_18-Q3-R52-61_BATAC.692	0
Hade_18-Q3-R52-61_BATAC.713	0
Hade_18-Q3-R52-61_BATAC.726	0
Hade_18-Q3-R52-61_BATAC.786	0
Hade_18-Q3-R52-61_MAXAC.021	0
Hade_18-Q3-R52-61_MAXAC.023	0
Hade_18-Q3-R52-61_MAXAC.026	0
Hade_18-Q3-R52-61_MAXAC.028	0
Hade_18-Q3-R52-61_MAXAC.042	0
Hade_18-Q3-R52-61_MAXAC.056	0
Hade_18-Q3-R52-61_MAXAC.060	0
Hade_18-Q3-R52-61_MAXAC.064	0
Hade_18-Q3-R52-61_MAXAC.079	0
Hade_18-Q3-R52-61_MAXAC.088	0
Hade_18-Q3-R52-61_MAXAC.092	0
Hade_18-Q3-R52-61_MAXAC.102	0
Hade_18-Q3-R52-61_MAXAC.112	0
Hade_18-Q3-R52-61_MAXAC.192	0
Hade_18-Q3-R52-61_MAXAC.228	0
Hade_18-Q3-R52-61_MAXAC.236_sub	0
Hade_18-Q3-R52-61_MAXAC.304	0
Hade_18-Q3-R52-61_MAXAC.319	0
Hade_18-Q3-R52-61_MAXAC.344	0
Hade_18-Q3-R52-61_MAXAC.360	0
Hade_18-Q3-R52-61_MAXAC.389	0
Hade_18-Q3-R52-61_MAXAC.390	0
Hirt_18-Q3-R61-65_BAT3C.134	0
Hirt_18-Q3-R61-65_BAT3C.167	0
Hirt_18-Q3-R61-65_BAT3C.202	0
Hirt_18-Q3-R61-65_BAT3C.204	0
Hirt_18-Q3-R61-65_BAT3C.235	0
Hirt_18-Q3-R61-65_BAT3C.274	0
Hirt_18-Q3-R61-65_BAT3C.279	0
Hirt_18-Q3-R61-65_BAT3C.307	0
Hirt_18-Q3-R61-65_BAT3C.320	0
Hirt_18-Q3-R61-65_BAT3C.362_fly	0
Hirt_18-Q3-R61-65_BAT3C.386	0
Hirt_18-Q3-R61-65_BAT3C.449	0
Hirt_18-Q3-R61-65_BAT3C.487	0
Hirt_18-Q3-R61-65_BAT3C.499	0
Hirt_18-Q3-R61-65_BAT3C.578	0
Hirt_18-Q3-R61-65_BAT3C.594	0
Hirt_18-Q3-R61-65_BATAC.101	0
Hirt_18-Q3-R61-65_BATAC.102	0
Hirt_18-Q3-R61-65_BATAC.172	0
Hirt_18-Q3-R61-65_BATAC.207	0
Hirt_18-Q3-R61-65_BATAC.270	0
Hirt_18-Q3-R61-65_BATAC.343	0
Hirt_18-Q3-R61-65_BATAC.371	0
Hirt_18-Q3-R61-65_BATAC.395	0
Hirt_18-Q3-R61-65_BATAC.422	0
Hirt_18-Q3-R61-65_BATAC.427	0
Hirt_18-Q3-R61-65_BATAC.430	0
Hirt_18-Q3-R61-65_BATAC.448_sub	0
Hirt_18-Q3-R61-65_BATAC.511	0
Hirt_18-Q3-R61-65_BATAC.519	0
Hirt_18-Q3-R61-65_BATAC.551	0
Hirt_18-Q3-R61-65_BATAC.715	0
Hirt_18-Q3-R61-65_BATAC.72	50
Hirt_18-Q3-R61-65_BATAC.98_uni	0
Hirt_18-Q3-R61-65_MAXAC.013	0
Hirt_18-Q3-R61-65_MAXAC.022	0
Hirt_18-Q3-R61-65_MAXAC.030	0
Hirt_18-Q3-R61-65_MAXAC.059	0
Hirt_18-Q3-R61-65_MAXAC.060	0
Hirt_18-Q3-R61-65_MAXAC.063	0
Hirt_18-Q3-R61-65_MAXAC.091	0
Hirt_18-Q3-R61-65_MAXAC.111	0
Hirt_18-Q3-R61-65_MAXAC.133	0
Hirt_18-Q3-R61-65_MAXAC.142	0
Hirt_18-Q3-R61-65_MAXAC.229	0
Hirt_18-Q3-R61-65_MAXAC.231	0
Hirt_18-Q3-R61-65_MAXAC.232	0
Hirt_18-Q3-R61-65_MAXAC.245	0
Hirt_18-Q3-R61-65_MAXAC.305	0
Hirt_18-Q3-R61-65_MAXAC.324_sub	0
Hirt_18-Q3-R61-65_MAXAC.330_cln	0
Hirt_18-Q3-R61-65_MAXAC.366	50
Hirt_18-Q3-R61-65_MAXAC.378_cln	0
Hjor_18-Q3-R7-51_BAT3C.155	0
Hjor_18-Q3-R7-51_BAT3C.167	0
Hjor_18-Q3-R7-51_BAT3C.239	0
Hjor_18-Q3-R7-51_BAT3C.262	0
Hjor_18-Q3-R7-51_BAT3C.56	0
Hjor_18-Q3-R7-51_BAT3C.81_sub	0
Hjor_18-Q3-R7-51_BAT3C.94	0
Hjor_18-Q3-R7-51_BATAC.116	0
Hjor_18-Q3-R7-51_BATAC.136	0
Hjor_18-Q3-R7-51_BATAC.166	0
Hjor_18-Q3-R7-51_BATAC.198	0
Hjor_18-Q3-R7-51_BATAC.2	50
Hjor_18-Q3-R7-51_BATAC.29	0
Hjor_18-Q3-R7-51_BATAC.292	0
Hjor_18-Q3-R7-51_BATAC.80	50
Hjor_18-Q3-R7-51_MAXAC.006	0
Hjor_18-Q3-R7-51_MAXAC.008	0
Hjor_18-Q3-R7-51_MAXAC.072	50
Hjor_18-Q3-R7-51_MAXAC.078	0
Hjor_18-Q3-R7-51_MAXAC.079_sub	0
Hjor_18-Q3-R7-51_MAXAC.088	0
Hjor_18-Q3-R7-51_MAXAC.102_uni	0
Hjor_18-Q3-R7-51_MAXAC.114	0
Hjor_18-Q3-R7-51_MAXAC.115	0
Kalu_18-Q3-R12-55_BAT3C.130	50
Kalu_18-Q3-R12-55_BAT3C.140	50
Kalu_18-Q3-R12-55_BAT3C.173	0
Kalu_18-Q3-R12-55_BAT3C.181	0
Kalu_18-Q3-R12-55_BAT3C.186	0
Kalu_18-Q3-R12-55_BAT3C.19	0
Kalu_18-Q3-R12-55_BAT3C.197	0
Kalu_18-Q3-R12-55_BAT3C.2_fly	0
Kalu_18-Q3-R12-55_BAT3C.208	50
Kalu_18-Q3-R12-55_BAT3C.226	0
Kalu_18-Q3-R12-55_BAT3C.229	0
Kalu_18-Q3-R12-55_BAT3C.239	0
Kalu_18-Q3-R12-55_BAT3C.261	0
Kalu_18-Q3-R12-55_BAT3C.268	0
Kalu_18-Q3-R12-55_BAT3C.288	0
Kalu_18-Q3-R12-55_BAT3C.337	0
Kalu_18-Q3-R12-55_BAT3C.355	0
Kalu_18-Q3-R12-55_BAT3C.357	0
Kalu_18-Q3-R12-55_BAT3C.359	0
Kalu_18-Q3-R12-55_BAT3C.361	0
Kalu_18-Q3-R12-55_BAT3C.58	0
Kalu_18-Q3-R12-55_BAT3C.68	0
Kalu_18-Q3-R12-55_BAT3C.8	0
Kalu_18-Q3-R12-55_BATAC.116	0
Kalu_18-Q3-R12-55_BATAC.22	0
Kalu_18-Q3-R12-55_BATAC.288	0
Kalu_18-Q3-R12-55_BATAC.336	0
Kalu_18-Q3-R12-55_BATAC.47	0
Kalu_18-Q3-R12-55_BATAC.81	50
Kalu_18-Q3-R12-55_MAXAC.026	0
Kalu_18-Q3-R12-55_MAXAC.032	0
Kalu_18-Q3-R12-55_MAXAC.049_cln	0
Kalu_18-Q3-R12-55_MAXAC.052_cln	50
Kalu_18-Q3-R12-55_MAXAC.061	0
Kalu_18-Q3-R12-55_MAXAC.064	0
Kalu_18-Q3-R12-55_MAXAC.067_cln	0
Kalu_18-Q3-R12-55_MAXAC.076	0
Kalu_18-Q3-R12-55_MAXAC.077	0
Kalu_18-Q3-R12-55_MAXAC.078_cln	0
Kalu_18-Q3-R12-55_MAXAC.082	50
Kalu_18-Q3-R12-55_MAXAC.091	0
Kalu_18-Q3-R12-55_MAXAC.106v2	0
Kalu_18-Q3-R12-55_MAXAC.107	0
Kalu_18-Q3-R12-55_MAXAC.123	0
Kalu_18-Q3-R12-55_MAXAC.127v2	0
Kalu_18-Q3-R12-55_MAXAC.131	0
Kalu_18-Q3-R12-55_MAXAC.132v2	0
Kalu_18-Q3-R12-55_MAXAC.141_sub	0
Kalu_18-Q3-R12-55_MAXAC.148	0
Kalu_18-Q3-R12-55_MAXAC.169	0
Kalu_18-Q3-R12-55_MAXAC.182_cln	0
Kalu_18-Q3-R12-55_MAXAC.185_cln	0
Kalu_18-Q3-R12-55_MAXAC.193	0
Kalu_18-Q3-R12-55_MAXAC.194_uni	0
Kalu_18-Q3-R12-55_MAXAC.198_cln	0
Lyne_18-Q3-R50-59_BAT3C.1	0
Lyne_18-Q3-R50-59_BAT3C.189	0
Lyne_18-Q3-R50-59_BAT3C.229	0
Lyne_18-Q3-R50-59_BAT3C.242	0
Lyne_18-Q3-R50-59_BAT3C.262	0
Lyne_18-Q3-R50-59_BAT3C.266	0
Lyne_18-Q3-R50-59_BAT3C.300	0
Lyne_18-Q3-R50-59_BAT3C.421	0
Lyne_18-Q3-R50-59_BAT3C.425	0
Lyne_18-Q3-R50-59_BAT3C.496	0
Lyne_18-Q3-R50-59_BAT3C.522	0
Lyne_18-Q3-R50-59_BAT3C.546	0
Lyne_18-Q3-R50-59_BAT3C.601	0
Lyne_18-Q3-R50-59_BAT3C.630	0
Lyne_18-Q3-R50-59_BATAC.172	0
Lyne_18-Q3-R50-59_BATAC.195	0
Lyne_18-Q3-R50-59_BATAC.229	0
Lyne_18-Q3-R50-59_BATAC.272	0
Lyne_18-Q3-R50-59_BATAC.274	0
Lyne_18-Q3-R50-59_BATAC.346	0
Lyne_18-Q3-R50-59_BATAC.36	0
Lyne_18-Q3-R50-59_BATAC.375	0
Lyne_18-Q3-R50-59_BATAC.383_cln	0
Lyne_18-Q3-R50-59_BATAC.420	50
Lyne_18-Q3-R50-59_BATAC.464	0
Lyne_18-Q3-R50-59_BATAC.473	0
Lyne_18-Q3-R50-59_BATAC.510	0
Lyne_18-Q3-R50-59_BATAC.526	0
Lyne_18-Q3-R50-59_BATAC.569	0
Lyne_18-Q3-R50-59_BATAC.576	0
Lyne_18-Q3-R50-59_BATAC.62	0
Lyne_18-Q3-R50-59_BATAC.66	0
Lyne_18-Q3-R50-59_BATAC.68	0
Lyne_18-Q3-R50-59_BATAC.79	0
Lyne_18-Q3-R50-59_MAXAC.002	0
Lyne_18-Q3-R50-59_MAXAC.006	0
Lyne_18-Q3-R50-59_MAXAC.015	0
Lyne_18-Q3-R50-59_MAXAC.016	0
Lyne_18-Q3-R50-59_MAXAC.017	0
Lyne_18-Q3-R50-59_MAXAC.018	0
Lyne_18-Q3-R50-59_MAXAC.019	0
Lyne_18-Q3-R50-59_MAXAC.021	0
Lyne_18-Q3-R50-59_MAXAC.025	0
Lyne_18-Q3-R50-59_MAXAC.052	0
Lyne_18-Q3-R50-59_MAXAC.062	0
Lyne_18-Q3-R50-59_MAXAC.071_sub	0
Lyne_18-Q3-R50-59_MAXAC.074	0
Lyne_18-Q3-R50-59_MAXAC.083	0
Lyne_18-Q3-R50-59_MAXAC.097	0
Lyne_18-Q3-R50-59_MAXAC.102	0
Lyne_18-Q3-R50-59_MAXAC.106_sub	0
Lyne_18-Q3-R50-59_MAXAC.197	0
Lyne_18-Q3-R50-59_MAXAC.215	0
Lyne_18-Q3-R50-59_MAXAC.221	0
Lyne_18-Q3-R50-59_MAXAC.237	0
Lyne_18-Q3-R50-59_MAXAC.253	0
Lyne_18-Q3-R50-59_MAXAC.254	0
Lyne_18-Q3-R50-59_MAXAC.259	0
Lyne_18-Q3-R50-59_MAXAC.278	0
Lyne_18-Q3-R50-59_MAXAC.310	0
Lyne_18-Q3-R50-59_MAXAC.318	50
Lyne_18-Q3-R50-59_MAXAC.325_cln	0
Lyne_18-Q3-R50-59_MAXAC.326	0
Lyne_18-Q3-R50-59_MAXAC.330	0
Lyne_18-Q3-R50-59_MAXAC.340	0
Lyne_18-Q3-R50-59_MAXAC.349	0
Lyne_18-Q3-R50-59_MAXAC.376	0
Lyne_18-Q3-R50-59_MAXAC.409	0
Lyne_18-Q3-R50-59_MAXAC.411_cln	0
Mari_18-Q3-R65-66_BAT3C.187	0
Mari_18-Q3-R65-66_BAT3C.19	0
Mari_18-Q3-R65-66_BAT3C.227	0
Mari_18-Q3-R65-66_BAT3C.296	0
Mari_18-Q3-R65-66_BAT3C.310_sub	0
Mari_18-Q3-R65-66_BAT3C.341_fly	0
Mari_18-Q3-R65-66_BAT3C.366	0
Mari_18-Q3-R65-66_BAT3C.374	0
Mari_18-Q3-R65-66_BAT3C.397	0
Mari_18-Q3-R65-66_BAT3C.41	0
Mari_18-Q3-R65-66_BATAC.234_sub	0
Mari_18-Q3-R65-66_BATAC.295	0
Mari_18-Q3-R65-66_BATAC.299	0
Mari_18-Q3-R65-66_BATAC.305	0
Mari_18-Q3-R65-66_BATAC.31	0
Mari_18-Q3-R65-66_BATAC.326	0
Mari_18-Q3-R65-66_BATAC.348	0
Mari_18-Q3-R65-66_BATAC.397	0
Mari_18-Q3-R65-66_BATAC.401	0
Mari_18-Q3-R65-66_MAXAC.015	0
Mari_18-Q3-R65-66_MAXAC.024	0
Mari_18-Q3-R65-66_MAXAC.025	0
Mari_18-Q3-R65-66_MAXAC.029	0
Mari_18-Q3-R65-66_MAXAC.049	0
Mari_18-Q3-R65-66_MAXAC.061	0
Mari_18-Q3-R65-66_MAXAC.086	0
Mari_18-Q3-R65-66_MAXAC.089_sub	0
Mari_18-Q3-R65-66_MAXAC.093	0
Mari_18-Q3-R65-66_MAXAC.196	0
Mari_18-Q3-R65-66_MAXAC.209	0
Mari_18-Q3-R65-66_MAXAC.212	0
Mari_18-Q3-R65-66_MAXAC.219	0
Mari_18-Q3-R65-66_MAXAC.224	0
Mari_18-Q3-R65-66_MAXAC.226	0
Mari_18-Q3-R65-66_MAXAC.243_uni	0
OdNE_18-Q3-R46-58_BAT3C.189	0
OdNE_18-Q3-R46-58_BAT3C.195	0
OdNE_18-Q3-R46-58_BAT3C.201	0
OdNE_18-Q3-R46-58_BAT3C.223	0
OdNE_18-Q3-R46-58_BAT3C.305	0
OdNE_18-Q3-R46-58_BAT3C.319	0
OdNE_18-Q3-R46-58_BAT3C.392	0
OdNE_18-Q3-R46-58_BAT3C.415	0
OdNE_18-Q3-R46-58_BAT3C.84	0
OdNE_18-Q3-R46-58_BATAC.16	0
OdNE_18-Q3-R46-58_BATAC.187	50
OdNE_18-Q3-R46-58_BATAC.190	0
OdNE_18-Q3-R46-58_BATAC.193	0
OdNE_18-Q3-R46-58_BATAC.286	0
OdNE_18-Q3-R46-58_BATAC.288	0
OdNE_18-Q3-R46-58_BATAC.302	0
OdNE_18-Q3-R46-58_BATAC.381_sub	0
OdNE_18-Q3-R46-58_BATAC.385_sub	0
OdNE_18-Q3-R46-58_BATAC.404	0
OdNE_18-Q3-R46-58_BATAC.493	50
OdNE_18-Q3-R46-58_MAXAC.008	0
OdNE_18-Q3-R46-58_MAXAC.011	0
OdNE_18-Q3-R46-58_MAXAC.025	0
OdNE_18-Q3-R46-58_MAXAC.028	0
OdNE_18-Q3-R46-58_MAXAC.036	0
OdNE_18-Q3-R46-58_MAXAC.047	0
OdNE_18-Q3-R46-58_MAXAC.056	0
OdNE_18-Q3-R46-58_MAXAC.062_sub	0
OdNE_18-Q3-R46-58_MAXAC.070	0
OdNE_18-Q3-R46-58_MAXAC.071	0
OdNE_18-Q3-R46-58_MAXAC.077	0
OdNE_18-Q3-R46-58_MAXAC.085	0
OdNE_18-Q3-R46-58_MAXAC.086	0
OdNE_18-Q3-R46-58_MAXAC.096	0
OdNE_18-Q3-R46-58_MAXAC.100_sub	0
OdNE_18-Q3-R46-58_MAXAC.176	0
OdNE_18-Q3-R46-58_MAXAC.223	0
OdNE_18-Q3-R46-58_MAXAC.230	0
OdNW_18-Q3-R42-56_BAT3C.134_sub	0
OdNW_18-Q3-R42-56_BAT3C.137	0
OdNW_18-Q3-R42-56_BAT3C.155	0
OdNW_18-Q3-R42-56_BAT3C.192	0
OdNW_18-Q3-R42-56_BAT3C.215	0
OdNW_18-Q3-R42-56_BAT3C.227	0
OdNW_18-Q3-R42-56_BAT3C.33_sub	0
OdNW_18-Q3-R42-56_BAT3C.339	0
OdNW_18-Q3-R42-56_BAT3C.379	0
OdNW_18-Q3-R42-56_BAT3C.388	50
OdNW_18-Q3-R42-56_BAT3C.399	0
OdNW_18-Q3-R42-56_BATAC.277	0
OdNW_18-Q3-R42-56_BATAC.352	0
OdNW_18-Q3-R42-56_BATAC.378	0
OdNW_18-Q3-R42-56_BATAC.385	0
OdNW_18-Q3-R42-56_BATAC.395	0
OdNW_18-Q3-R42-56_BATAC.410	0
OdNW_18-Q3-R42-56_BATAC.423	0
OdNW_18-Q3-R42-56_BATAC.438	0
OdNW_18-Q3-R42-56_BATAC.478	0
OdNW_18-Q3-R42-56_BATAC.48	0
OdNW_18-Q3-R42-56_BATAC.488	0
OdNW_18-Q3-R42-56_BATAC.52	0
OdNW_18-Q3-R42-56_BATAC.93	0
OdNW_18-Q3-R42-56_MAXAC.016	0
OdNW_18-Q3-R42-56_MAXAC.019	0
OdNW_18-Q3-R42-56_MAXAC.029	0
OdNW_18-Q3-R42-56_MAXAC.037	0
OdNW_18-Q3-R42-56_MAXAC.048	0
OdNW_18-Q3-R42-56_MAXAC.118	0
OdNW_18-Q3-R42-56_MAXAC.127	0
OdNW_18-Q3-R42-56_MAXAC.143	0
OdNW_18-Q3-R42-56_MAXAC.155	0
OdNW_18-Q3-R42-56_MAXAC.195	0
Rand_18-Q3-R56-63_BAT3C.105_sub	0
Rand_18-Q3-R56-63_BAT3C.13	0
Rand_18-Q3-R56-63_BAT3C.136	0
Rand_18-Q3-R56-63_BAT3C.147_cln	0
Rand_18-Q3-R56-63_BAT3C.178	0
Rand_18-Q3-R56-63_BAT3C.184	0
Rand_18-Q3-R56-63_BAT3C.19	0
Rand_18-Q3-R56-63_BAT3C.197	0
Rand_18-Q3-R56-63_BAT3C.210	0
Rand_18-Q3-R56-63_BAT3C.236	50
Rand_18-Q3-R56-63_BAT3C.301	0
Rand_18-Q3-R56-63_BAT3C.326	0
Rand_18-Q3-R56-63_BAT3C.341	0
Rand_18-Q3-R56-63_BAT3C.48	0
Rand_18-Q3-R56-63_BAT3C.8	0
Rand_18-Q3-R56-63_BATAC.171	50
Rand_18-Q3-R56-63_BATAC.193	0
Rand_18-Q3-R56-63_BATAC.229	0
Rand_18-Q3-R56-63_BATAC.255	0
Rand_18-Q3-R56-63_BATAC.260	0
Rand_18-Q3-R56-63_BATAC.320	0
Rand_18-Q3-R56-63_BATAC.479	0
Rand_18-Q3-R56-63_BATAC.6	0
Rand_18-Q3-R56-63_BATAC.88	0
Rand_18-Q3-R56-63_MAXAC.001	0
Rand_18-Q3-R56-63_MAXAC.026	0
Rand_18-Q3-R56-63_MAXAC.049	0
Rand_18-Q3-R56-63_MAXAC.050	0
Rand_18-Q3-R56-63_MAXAC.058	0
Rand_18-Q3-R56-63_MAXAC.091	0
Rand_18-Q3-R56-63_MAXAC.104	0
Rand_18-Q3-R56-63_MAXAC.155	0
Rand_18-Q3-R56-63_MAXAC.170	0
Rand_18-Q3-R56-63_MAXAC.175	0
Rand_18-Q3-R56-63_MAXAC.181	0
Rand_18-Q3-R56-63_MAXAC.203	0
Rand_18-Q3-R56-63_MAXAC.211	0
Ribe_18-Q3-R11-54_BAT3C.101	0
Ribe_18-Q3-R11-54_BAT3C.183	50
Ribe_18-Q3-R11-54_BAT3C.208	0
Ribe_18-Q3-R11-54_BAT3C.271	0
Ribe_18-Q3-R11-54_BAT3C.3	0
Ribe_18-Q3-R11-54_BAT3C.373	0
Ribe_18-Q3-R11-54_BAT3C.388	0
Ribe_18-Q3-R11-54_BAT3C.418	0
Ribe_18-Q3-R11-54_BAT3C.433	0
Ribe_18-Q3-R11-54_BAT3C.65	0
Ribe_18-Q3-R11-54_BAT3C.87	0
Ribe_18-Q3-R11-54_BATAC.253	0
Ribe_18-Q3-R11-54_BATAC.261	0
Ribe_18-Q3-R11-54_BATAC.412	0
Ribe_18-Q3-R11-54_BATAC.507	0
Ribe_18-Q3-R11-54_BATAC.537	0
Ribe_18-Q3-R11-54_BATAC.540_fly	0
Ribe_18-Q3-R11-54_BATAC.569	0
Ribe_18-Q3-R11-54_BATAC.612	0
Ribe_18-Q3-R11-54_BATAC.650	0
Ribe_18-Q3-R11-54_MAXAC.001	0
Ribe_18-Q3-R11-54_MAXAC.005	0
Ribe_18-Q3-R11-54_MAXAC.016	0
Ribe_18-Q3-R11-54_MAXAC.030	0
Ribe_18-Q3-R11-54_MAXAC.036	0
Ribe_18-Q3-R11-54_MAXAC.058	0
Ribe_18-Q3-R11-54_MAXAC.069	0
Ribe_18-Q3-R11-54_MAXAC.077	0
Ribe_18-Q3-R11-54_MAXAC.096_cln	0
Ribe_18-Q3-R11-54_MAXAC.186	0
Ribe_18-Q3-R11-54_MAXAC.188	0
Ribe_18-Q3-R11-54_MAXAC.199	0
Ribe_18-Q3-R11-54_MAXAC.200	0
Ribe_18-Q3-R11-54_MAXAC.235	0
Ribe_18-Q3-R11-54_MAXAC.269	0
Ribe_18-Q3-R11-54_MAXAC.273	0
Skiv_18-Q3-R9-52_BAT3C.106	0
Skiv_18-Q3-R9-52_BAT3C.112	0
Skiv_18-Q3-R9-52_BAT3C.148	0
Skiv_18-Q3-R9-52_BAT3C.155	0
Skiv_18-Q3-R9-52_BAT3C.167	0
Skiv_18-Q3-R9-52_BAT3C.176	0
Skiv_18-Q3-R9-52_BAT3C.180	0
Skiv_18-Q3-R9-52_BAT3C.184	0
Skiv_18-Q3-R9-52_BAT3C.188_fly	0
Skiv_18-Q3-R9-52_BAT3C.266	0
Skiv_18-Q3-R9-52_BAT3C.268	0
Skiv_18-Q3-R9-52_BAT3C.325	0
Skiv_18-Q3-R9-52_BAT3C.331	0
Skiv_18-Q3-R9-52_BAT3C.378	0
Skiv_18-Q3-R9-52_BAT3C.440	0
Skiv_18-Q3-R9-52_BAT3C.489	0
Skiv_18-Q3-R9-52_BAT3C.50	0
Skiv_18-Q3-R9-52_BAT3C.511	0
Skiv_18-Q3-R9-52_BAT3C.518	0
Skiv_18-Q3-R9-52_BATAC.164	0
Skiv_18-Q3-R9-52_BATAC.176	50
Skiv_18-Q3-R9-52_BATAC.232	0
Skiv_18-Q3-R9-52_BATAC.251	50
Skiv_18-Q3-R9-52_BATAC.284	0
Skiv_18-Q3-R9-52_BATAC.286	0
Skiv_18-Q3-R9-52_BATAC.289	0
Skiv_18-Q3-R9-52_BATAC.294	0
Skiv_18-Q3-R9-52_BATAC.296	0
Skiv_18-Q3-R9-52_BATAC.318	0
Skiv_18-Q3-R9-52_BATAC.351	0
Skiv_18-Q3-R9-52_BATAC.354	0
Skiv_18-Q3-R9-52_BATAC.396	0
Skiv_18-Q3-R9-52_BATAC.474	0
Skiv_18-Q3-R9-52_BATAC.484	0
Skiv_18-Q3-R9-52_BATAC.52	0
Skiv_18-Q3-R9-52_BATAC.703	0
Skiv_18-Q3-R9-52_MAXAC.018	0
Skiv_18-Q3-R9-52_MAXAC.022	0
Skiv_18-Q3-R9-52_MAXAC.035	0
Skiv_18-Q3-R9-52_MAXAC.043	0
Skiv_18-Q3-R9-52_MAXAC.058	0
Skiv_18-Q3-R9-52_MAXAC.062	0
Skiv_18-Q3-R9-52_MAXAC.067	0
Skiv_18-Q3-R9-52_MAXAC.078_sub	0
Skiv_18-Q3-R9-52_MAXAC.081	0
Skiv_18-Q3-R9-52_MAXAC.090	0
Skiv_18-Q3-R9-52_MAXAC.110	50
Skiv_18-Q3-R9-52_MAXAC.113	0
Skiv_18-Q3-R9-52_MAXAC.125	0
Skiv_18-Q3-R9-52_MAXAC.146	0
Skiv_18-Q3-R9-52_MAXAC.174	0
Skiv_18-Q3-R9-52_MAXAC.177	0
Skiv_18-Q3-R9-52_MAXAC.212	0
Skiv_18-Q3-R9-52_MAXAC.254	0
Skiv_18-Q3-R9-52_MAXAC.277	0
Skiv_18-Q3-R9-52_MAXAC.287	0
Skiv_18-Q3-R9-52_MAXAC.311	0
Skiv_18-Q3-R9-52_MAXAC.329	0
Skiv_18-Q3-R9-52_MAXAC.332	0
Vibo_18-Q3-R45-57_BAT3C.117_fly	0
Vibo_18-Q3-R45-57_BAT3C.142	50
Vibo_18-Q3-R45-57_BAT3C.148	0
Vibo_18-Q3-R45-57_BAT3C.161	0
Vibo_18-Q3-R45-57_BAT3C.204_sub	0
Vibo_18-Q3-R45-57_BAT3C.26	0
Vibo_18-Q3-R45-57_BAT3C.70	0
Vibo_18-Q3-R45-57_BAT3C.98	0
Vibo_18-Q3-R45-57_BATAC.153	0
Vibo_18-Q3-R45-57_BATAC.19	50
Vibo_18-Q3-R45-57_BATAC.199	0
Vibo_18-Q3-R45-57_BATAC.209	0
Vibo_18-Q3-R45-57_BATAC.215	0
Vibo_18-Q3-R45-57_BATAC.224	0
Vibo_18-Q3-R45-57_BATAC.233	0
Vibo_18-Q3-R45-57_BATAC.273	0
Vibo_18-Q3-R45-57_BATAC.298	0
Vibo_18-Q3-R45-57_BATAC.32_fly	0
Vibo_18-Q3-R45-57_BATAC.411	50
Vibo_18-Q3-R45-57_BATAC.435	0
Vibo_18-Q3-R45-57_BATAC.458_cln	0
Vibo_18-Q3-R45-57_BATAC.460	0
Vibo_18-Q3-R45-57_BATAC.463	0
Vibo_18-Q3-R45-57_BATAC.481	0
Vibo_18-Q3-R45-57_MAXAC.049	0
Vibo_18-Q3-R45-57_MAXAC.065	0
Vibo_18-Q3-R45-57_MAXAC.072	0
Vibo_18-Q3-R45-57_MAXAC.073	0
Vibo_18-Q3-R45-57_MAXAC.083	0
Vibo_18-Q3-R45-57_MAXAC.086_sub	0
Vibo_18-Q3-R45-57_MAXAC.094	0
Vibo_18-Q3-R45-57_MAXAC.177	0
Vibo_18-Q3-R45-57_MAXAC.190	0
Vibo_18-Q3-R45-57_MAXAC.200	0
Viby_18-Q3-R106-67_BAT3C.149	0
Viby_18-Q3-R106-67_BAT3C.196	0
Viby_18-Q3-R106-67_BAT3C.20	0
Viby_18-Q3-R106-67_BAT3C.243	0
Viby_18-Q3-R106-67_BAT3C.260	0
Viby_18-Q3-R106-67_BAT3C.52	0
Viby_18-Q3-R106-67_BAT3C.83	0
Viby_18-Q3-R106-67_BAT3C.94	0
Viby_18-Q3-R106-67_BATAC.169	0
Viby_18-Q3-R106-67_BATAC.284	0
Viby_18-Q3-R106-67_BATAC.407	0
Viby_18-Q3-R106-67_BATAC.53	0
Viby_18-Q3-R106-67_BATAC.55	0
Viby_18-Q3-R106-67_MAXAC.046	0
Viby_18-Q3-R106-67_MAXAC.070	0
Viby_18-Q3-R106-67_MAXAC.089	0
Viby_18-Q3-R106-67_MAXAC.144	0
Viby_18-Q3-R106-67_MAXAC.151	0
Viby_18-Q3-R106-67_MAXAC.156	0
Viby_18-Q3-R106-67_MAXAC.158	0
AalE_18-Q3-R2-46_BAT3C.1_cln	0
AalE_18-Q3-R2-46_BAT3C.116	0
AalE_18-Q3-R2-46_BAT3C.151	0
AalE_18-Q3-R2-46_BAT3C.188	0
AalE_18-Q3-R2-46_BAT3C.189	50
AalE_18-Q3-R2-46_BAT3C.202	0
AalE_18-Q3-R2-46_BAT3C.204	0
AalE_18-Q3-R2-46_BAT3C.211	0
AalE_18-Q3-R2-46_BAT3C.214	0
AalE_18-Q3-R2-46_BAT3C.229	0
AalE_18-Q3-R2-46_BAT3C.235	50
AalE_18-Q3-R2-46_BAT3C.277	0
AalE_18-Q3-R2-46_BAT3C.320	0
AalE_18-Q3-R2-46_BAT3C.357	50
AalE_18-Q3-R2-46_BAT3C.409	0
AalE_18-Q3-R2-46_BATAC.147	0
AalE_18-Q3-R2-46_BATAC.155	0
AalE_18-Q3-R2-46_BATAC.180	0
AalE_18-Q3-R2-46_BATAC.194_sub	0
AalE_18-Q3-R2-46_BATAC.251	0
AalE_18-Q3-R2-46_BATAC.258	0
AalE_18-Q3-R2-46_BATAC.29	0
AalE_18-Q3-R2-46_BATAC.321	0
AalE_18-Q3-R2-46_BATAC.345	0
AalE_18-Q3-R2-46_BATAC.376	0
AalE_18-Q3-R2-46_BATAC.574	0
AalE_18-Q3-R2-46_BATAC.579	0
AalE_18-Q3-R2-46_BATAC.604	0
AalE_18-Q3-R2-46_MAXAC.018	0
AalE_18-Q3-R2-46_MAXAC.019	0
AalE_18-Q3-R2-46_MAXAC.020	0
AalE_18-Q3-R2-46_MAXAC.025	0
AalE_18-Q3-R2-46_MAXAC.039	0
AalE_18-Q3-R2-46_MAXAC.064	0
AalE_18-Q3-R2-46_MAXAC.077_sub	0
AalE_18-Q3-R2-46_MAXAC.082	0
AalE_18-Q3-R2-46_MAXAC.086	0
AalE_18-Q3-R2-46_MAXAC.100	0
AalE_18-Q3-R2-46_MAXAC.103	0
AalE_18-Q3-R2-46_MAXAC.104	0
AalE_18-Q3-R2-46_MAXAC.133	50
AalE_18-Q3-R2-46_MAXAC.235	0
AalW_18-Q3-R10-53_BAT3C.147	0
AalW_18-Q3-R10-53_BAT3C.180	0
AalW_18-Q3-R10-53_BAT3C.196	0
AalW_18-Q3-R10-53_BAT3C.204	0
AalW_18-Q3-R10-53_BAT3C.243	0
AalW_18-Q3-R10-53_BAT3C.245	0
AalW_18-Q3-R10-53_BAT3C.371_sub	0
AalW_18-Q3-R10-53_BAT3C.395	0
AalW_18-Q3-R10-53_BAT3C.461	50
AalW_18-Q3-R10-53_BAT3C.502	0
AalW_18-Q3-R10-53_BAT3C.508_uni	0
AalW_18-Q3-R10-53_BAT3C.524	0
AalW_18-Q3-R10-53_BAT3C.64	0
AalW_18-Q3-R10-53_BAT3C.9	0
AalW_18-Q3-R10-53_BATAC.11	0
AalW_18-Q3-R10-53_BATAC.157	0
AalW_18-Q3-R10-53_BATAC.16	0
AalW_18-Q3-R10-53_BATAC.174	0
AalW_18-Q3-R10-53_BATAC.245	0
AalW_18-Q3-R10-53_BATAC.281	0
AalW_18-Q3-R10-53_BATAC.29	0
AalW_18-Q3-R10-53_BATAC.324	0
AalW_18-Q3-R10-53_BATAC.339	0
AalW_18-Q3-R10-53_BATAC.340	0
AalW_18-Q3-R10-53_BATAC.377	0
AalW_18-Q3-R10-53_BATAC.388	0
AalW_18-Q3-R10-53_BATAC.41	50
AalW_18-Q3-R10-53_BATAC.498	0
AalW_18-Q3-R10-53_BATAC.5	0
AalW_18-Q3-R10-53_BATAC.545	0
AalW_18-Q3-R10-53_BATAC.706	0
AalW_18-Q3-R10-53_BATAC.822	0
AalW_18-Q3-R10-53_BATAC.872	0
AalW_18-Q3-R10-53_BATAC.906	0
AalW_18-Q3-R10-53_BATAC.909	0
AalW_18-Q3-R10-53_MAXAC.018	0
AalW_18-Q3-R10-53_MAXAC.024	0
AalW_18-Q3-R10-53_MAXAC.039	0
AalW_18-Q3-R10-53_MAXAC.051	0
AalW_18-Q3-R10-53_MAXAC.054	0
AalW_18-Q3-R10-53_MAXAC.061	0
AalW_18-Q3-R10-53_MAXAC.084	0
AalW_18-Q3-R10-53_MAXAC.123	0
AalW_18-Q3-R10-53_MAXAC.144	0
AalW_18-Q3-R10-53_MAXAC.171	0
AalW_18-Q3-R10-53_MAXAC.200	0
AalW_18-Q3-R10-53_MAXAC.296	0
AalW_18-Q3-R10-53_MAXAC.302	0
AalW_18-Q3-R10-53_MAXAC.327	0
AalW_18-Q3-R10-53_MAXAC.339	0
AalW_18-Q3-R10-53_MAXAC.353	0
AalW_18-Q3-R10-53_MAXAC.364	0
AalW_18-Q3-R10-53_MAXAC.389	0
AalW_18-Q3-R10-53_MAXAC.392	0
AalW_18-Q3-R10-53_MAXAC.393	0
AalW_18-Q3-R10-53_MAXAC.406	0
AalW_18-Q3-R10-53_MAXAC.410	0
